<?xml version="1.0" encoding="utf-8"?>
<updates>
   <update>
      <name>Ola</name>
      <description>Ola Component</description>

      <element>com_ola</element>
      <type>component</type>
      <version>1.5.0</version>
 
      <infourl title="Ola URL">http://yourdomain.com</infourl>
      <downloads>
         <downloadurl type="full" format="tgz">http://yourdomain.com/files/com_ola-1.0-final.zip</downloadurl>
      </downloads>
      <tags>
         <tag>some-tag</tag>
      </tags>
 
      <maintainer>Ola Inc.</maintainer>
      <maintainerurl>http://yourdomain.com</maintainerurl>
      <section>some-section</section>
      <targetplatform name="joomla" version="3.0" />
   </update>
 
    <update>
      <name>Ola</name>
      <description>Ola Component</description>
      <element>com_ola</element>
      <type>component</type>
      <version>1.5.1</version>
 
      <infourl title="HalloWorld URL">http://yourdomain.com</infourl>
      <downloads>
         <downloadurl type="full" format="tgz">http://yourdomain.com/files/com_ola-1.1-final.zip</downloadurl>
      </downloads>
      <tags>
         <tag>some-tag</tag>
      </tags>
 
      <maintainer>Ola Inc.</maintainer>
      <maintainerurl>http://yourdomain.com</maintainerurl>
      <section>some-section</section>
      <targetplatform name="joomla" version="3.0" />
   </update>
 
</updates>
